{
  "context": "client",
  "identifier": "com.pa.burntcustard.bAnchorButtonsbAnchorButtons",
  "display_name": "Anchor Buttons",
  "description": "Click once to set camera anchor, and again to snap back there.",
  "description_nl": "Sla Cameraposities op met een knop en klik nog eens om terug te keren.",
  "author": "burntcustard, proeleert, cptconundrum",
  "version": "1.11",
  "build": "74525",
  "date": "2014/11/20",
  "signature": "not yet implemented",
  "forum": "https://forums.uberent.com/threads/rel-anchor-buttons-v1-0-57703.54563/",
  "category": [
    "in-game",
    "ui"
  ],
  "id": "bAnchorButtons",
  "icon": "http://pamods.github.io/icons/bAnchorButtons.png",
  "priority": 100,
  "scenes": {
    "live_game": [
      "coui://ui/mods/bAnchorButtons/live_game/bAnchorButtonsexitsettings.js"
    ],
    "LiveGame_FloatZone": [
      "coui://ui/mods/bAnchorButtons/live_game/bAnchorButtons.css",
      "coui://ui/mods/bAnchorButtons/live_game/bAnchorButtons.js"
    ],
    "settings": [
      "coui://ui/mods/bAnchorButtons/settings/bAnchorButtons_Settings.js"
    ]
  },
  "enabled": true,
  "dependencies": [
    "com.pa.raevn.rfloatframe"
  ]
}